,signal,y_pred
14908,1,1
12495,1,1
4048,0,0
4671,0,0
149,0,0
14799,1,1
12453,1,1
15687,1,1
13864,1,1
14011,1,1
123,0,0
8341,1,1
13316,1,1
13368,1,1
5563,0,0
15071,1,1
10483,1,1
15562,1,1
3468,0,0
9513,1,1
12610,1,1
11011,1,1
102,0,0
12816,1,1
6071,0,1
6742,0,0
12273,1,1
11327,1,0
8369,1,1
11821,1,1
476,0,0
8544,1,1
5955,0,1
4069,0,0
1107,0,0
9634,1,1
9656,1,0
3387,0,0
5375,0,0
6315,0,0
11575,1,0
5467,0,1
1370,0,1
7309,0,1
9463,1,0
2864,0,1
13061,1,1
4903,0,0
5576,0,0
4397,0,0
4614,0,0
3944,0,0
8193,0,0
6723,0,0
11345,1,1
9445,1,1
3844,0,0
13786,1,1
3898,0,1
3599,0,0
4257,0,0
10224,1,0
13272,1,1
2698,0,1
3362,0,0
7200,0,0
7268,0,0
3509,0,0
9551,1,1
8944,1,1
8071,0,0
15447,1,0
7573,0,0
12649,1,1
14442,1,1
11496,1,1
2122,0,0
4288,0,0
1346,0,0
2609,0,1
12248,1,1
3422,0,0
7254,0,0
10864,1,1
12788,1,0
8247,1,1
16029,1,1
13728,1,0
322,0,0
1056,0,0
88,0,0
13521,1,1
1862,0,0
13147,1,1
13056,1,1
3410,0,0
4771,0,0
3,0,0
6141,0,0
4653,0,1
254,0,0
13792,1,0
8952,1,1
902,0,0
14417,1,1
10794,1,1
196,0,0
14577,1,1
6641,0,0
14130,1,1
13920,1,1
9022,1,0
11583,1,1
6918,0,0
5386,0,1
3260,0,0
11468,1,0
733,0,0
3934,0,0
3045,0,1
1659,0,0
14476,1,1
10907,1,1
6110,0,0
13469,1,1
2267,0,0
2714,0,0
4629,0,0
5205,0,0
11992,1,1
7107,0,0
15839,1,0
12352,1,1
14449,1,1
13213,1,1
3576,0,0
12554,1,1
1010,0,0
2932,0,0
15561,1,1
4867,0,0
15533,1,1
13555,1,1
7660,0,0
14400,1,0
7639,0,0
11441,1,1
6933,0,0
8830,1,1
5106,0,0
9301,1,1
5743,0,0
426,0,0
8499,1,0
14724,1,0
12143,1,1
6908,0,0
12728,1,1
12584,1,0
1087,0,0
7105,0,0
14729,1,1
9848,1,1
9544,1,1
3447,0,0
4751,0,0
14096,1,1
13708,1,1
1208,0,0
10134,1,1
4489,0,0
7403,0,0
1889,0,0
11933,1,1
4341,0,0
2993,0,0
15884,1,1
11941,1,1
2009,0,0
4176,0,0
15480,1,1
10387,1,1
15725,1,1
14241,1,1
2859,0,0
12299,1,1
7731,0,0
5667,0,1
11264,1,1
9441,1,1
11069,1,1
14676,1,1
4084,0,0
7495,0,0
12205,1,1
6187,0,0
14718,1,1
5456,0,1
9176,1,1
13944,1,1
11978,1,1
5960,0,0
14288,1,1
14672,1,0
10440,1,1
8360,1,1
7882,0,0
15656,1,1
5351,0,0
10815,1,1
2266,0,0
751,0,0
7767,0,1
6234,0,0
291,0,0
6348,0,0
5040,0,0
14526,1,1
1730,0,0
7716,0,1
7944,0,0
10092,1,1
11940,1,0
11290,1,1
19,0,0
1799,0,0
7013,0,0
10292,1,1
1373,0,0
13220,1,1
4226,0,0
16140,1,1
13275,1,1
387,0,1
4520,0,0
10703,1,1
15411,1,1
7464,0,0
8233,1,0
9478,1,0
15986,1,1
16146,1,1
8649,1,1
11281,1,1
10221,1,1
11816,1,1
12544,1,1
1199,0,0
13086,1,0
8829,1,1
6818,0,0
14036,1,1
5794,0,0
1580,0,0
6839,0,0
2608,0,0
6434,0,0
13002,1,1
2119,0,0
4660,0,1
6369,0,0
15247,1,1
284,0,0
7690,0,0
13324,1,1
14776,1,1
14968,1,1
13064,1,1
16007,1,1
6350,0,0
7953,0,0
8887,1,1
14701,1,1
14351,1,1
3107,0,0
9640,1,0
15003,1,1
14604,1,0
8300,1,1
290,0,0
6177,0,1
9586,1,1
2189,0,0
6717,0,0
85,0,0
101,0,0
14835,1,1
5030,0,0
8807,1,1
16281,1,1
10390,1,1
8136,0,0
5872,0,0
3889,0,0
12886,1,1
1475,0,0
11552,1,0
12893,1,1
10341,1,0
5967,0,0
6916,0,0
3813,0,0
2450,0,0
16015,1,1
15143,1,1
13348,1,1
6983,0,0
11554,1,0
9425,1,1
3221,0,0
304,0,0
1496,0,0
9806,1,1
5943,0,1
11226,1,1
10565,1,1
7273,0,0
8093,0,1
3193,0,0
14881,1,1
7497,0,1
2231,0,0
5267,0,0
3698,0,0
12512,1,1
11440,1,1
13497,1,0
9837,1,1
2595,0,0
5236,0,0
16341,1,0
12715,1,1
1688,0,1
10848,1,1
1358,0,1
8176,0,0
8638,1,1
8898,1,1
11300,1,1
8382,1,1
2453,0,0
12499,1,1
9072,1,1
424,0,0
10118,1,1
7780,0,0
8778,1,1
3547,0,0
7593,0,0
16036,1,1
4999,0,1
13958,1,1
7475,0,0
7964,0,1
10734,1,1
7515,0,0
13085,1,1
11192,1,0
8336,1,1
8641,1,1
14344,1,1
1739,0,0
907,0,0
6529,0,0
2909,0,0
12262,1,1
4706,0,0
11665,1,0
1870,0,0
11038,1,1
4747,0,1
1119,0,0
16320,1,1
7046,0,0
9199,1,1
10307,1,0
3069,0,0
8784,1,1
15152,1,1
8310,1,1
15695,1,0
14921,1,1
7259,0,0
12958,1,1
2802,0,0
13441,1,1
9853,1,1
12441,1,1
14706,1,1
10632,1,1
9612,1,1
1683,0,0
10018,1,1
6834,0,1
4296,0,0
10876,1,1
9233,1,1
13223,1,1
6849,0,0
13354,1,0
12907,1,1
6699,0,0
14402,1,1
8019,0,0
9938,1,1
357,0,0
14175,1,1
7826,0,1
11159,1,1
4035,0,0
10424,1,1
3623,0,0
11265,1,1
5921,0,0
3402,0,0
13268,1,0
9935,1,1
6173,0,0
13252,1,1
4639,0,0
7217,0,1
12995,1,1
11770,1,1
2334,0,0
14336,1,0
13265,1,1
381,0,0
4250,0,0
10865,1,1
5379,0,0
13408,1,1
6576,0,0
7407,0,0
7207,0,0
13246,1,1
9230,1,1
2495,0,0
4923,0,0
11979,1,1
11781,1,1
10581,1,1
2184,0,0
11560,1,1
7985,0,0
8538,1,1
5376,0,1
6341,0,0
6702,0,0
15157,1,0
4902,0,0
4062,0,0
10385,1,1
169,0,0
12673,1,0
8925,1,1
10937,1,1
11129,1,1
11744,1,1
12867,1,1
15001,1,1
884,0,0
11776,1,1
10285,1,1
7074,0,0
6029,0,0
15359,1,1
15520,1,1
14750,1,1
1720,0,0
12525,1,0
2099,0,0
11126,1,1
14411,1,1
12923,1,1
14686,1,1
8610,1,1
14237,1,1
5514,0,0
12506,1,1
16199,1,1
10043,1,0
1655,0,0
9840,1,1
450,0,0
251,0,0
2021,0,1
2154,0,0
2677,0,0
10391,1,1
12785,1,1
4359,0,0
150,0,0
7596,0,0
2435,0,0
12331,1,1
351,0,0
12245,1,1
13730,1,1
8072,0,1
15880,1,0
4764,0,0
15659,1,1
5359,0,0
8500,1,1
8740,1,1
5396,0,0
14538,1,1
4028,0,0
5117,0,0
10870,1,1
700,0,0
7771,0,0
4026,0,0
7752,0,0
13657,1,1
14931,1,1
15024,1,1
3328,0,0
7800,0,0
8651,1,1
5331,0,0
8294,1,1
13982,1,1
3418,0,0
10877,1,1
12550,1,1
15521,1,1
1350,0,0
9430,1,1
15427,1,1
11343,1,1
9381,1,1
11946,1,1
10283,1,1
10399,1,0
10530,1,1
9023,1,1
7344,0,0
4280,0,0
5270,0,0
5715,0,1
13595,1,1
533,0,0
795,0,0
8188,0,0
13305,1,1
10061,1,1
5802,0,0
15251,1,1
10873,1,1
3477,0,0
14384,1,1
9843,1,1
9975,1,1
5756,0,0
4871,0,0
11216,1,1
466,0,0
566,0,0
6408,0,0
14259,1,0
13165,1,1
6440,0,0
15405,1,1
5665,0,0
15056,1,1
15055,1,1
5766,0,0
8983,1,1
7562,0,0
4139,0,0
7337,0,0
12515,1,1
5725,0,1
3550,0,0
16238,1,1
7089,0,0
4064,0,0
15236,1,1
5228,0,0
11061,1,1
10467,1,1
5271,0,0
9266,1,1
518,0,0
3013,0,0
1261,0,0
127,0,0
8541,1,0
12560,1,1
1090,0,0
10007,1,0
8886,1,1
7182,0,1
1034,0,0
99,0,0
8739,1,1
1533,0,0
10415,1,1
3059,0,0
4353,0,1
2585,0,0
13642,1,1
12164,1,1
15407,1,1
12421,1,0
7623,0,0
1769,0,1
6418,0,0
3058,0,0
11685,1,1
1226,0,0
15620,1,1
8485,1,1
3562,0,0
3546,0,0
11095,1,1
15002,1,0
12357,1,1
16138,1,0
16169,1,1
13470,1,0
10741,1,1
14521,1,1
10158,1,1
1684,0,0
11621,1,0
16211,1,1
6205,0,0
2742,0,0
15362,1,1
485,0,0
7247,0,0
1470,0,0
3707,0,1
862,0,0
16350,1,1
7911,0,1
2025,0,0
10166,1,1
14071,1,1
11097,1,1
13370,1,1
2673,0,0
13362,1,1
13423,1,1
11823,1,1
3658,0,0
1586,0,0
10124,1,1
4074,0,0
1488,0,0
6843,0,0
4125,0,0
12088,1,1
10359,1,1
2308,0,0
2760,0,0
6624,0,0
4885,0,0
14900,1,1
4963,0,0
13988,1,1
2271,0,0
6223,0,1
10490,1,0
13273,1,1
7948,0,0
7536,0,1
828,0,0
8585,1,1
10056,1,0
3455,0,0
7932,0,0
9623,1,1
10437,1,1
2995,0,0
5217,0,0
2325,0,0
5899,0,0
12302,1,0
3852,0,0
12538,1,0
12804,1,1
16386,1,1
11047,1,1
14548,1,1
8598,1,1
673,0,0
6959,0,0
5333,0,0
1530,0,0
10156,1,1
1593,0,0
3025,0,0
15082,1,1
4630,0,0
5932,0,0
11986,1,1
10330,1,1
13862,1,1
1372,0,0
5282,0,0
14087,1,1
8993,1,1
736,0,0
11170,1,1
8570,1,1
708,0,0
12839,1,1
9581,1,1
1247,0,0
10413,1,1
9552,1,1
12118,1,1
14216,1,1
15345,1,0
720,0,0
15322,1,1
14132,1,1
8957,1,1
10240,1,1
6503,0,1
13044,1,1
6311,0,0
12742,1,1
15828,1,1
5749,0,1
15891,1,1
2626,0,0
8965,1,1
8034,0,0
3015,0,0
14208,1,1
13981,1,1
2214,0,0
9251,1,1
3449,0,0
15837,1,1
5880,0,1
7252,0,0
4231,0,0
11743,1,1
16079,1,1
15303,1,1
8358,1,1
6096,0,0
11625,1,0
2177,0,0
13527,1,1
8614,1,1
6962,0,0
10715,1,1
4779,0,0
7387,0,0
6393,0,0
7975,0,0
10159,1,1
13100,1,1
1935,0,0
12084,1,0
10580,1,1
9939,1,1
13590,1,1
13451,1,0
3894,0,0
2678,0,0
13162,1,1
6651,0,0
9438,1,1
6390,0,0
3307,0,0
9572,1,1
3989,0,1
4693,0,1
9953,1,0
2252,0,0
8451,1,1
12672,1,1
13313,1,1
2232,0,0
640,0,0
16131,1,1
8854,1,0
15613,1,0
10317,1,1
14639,1,0
10100,1,0
4274,0,0
14214,1,1
8287,1,1
6669,0,1
13516,1,1
5478,0,0
8049,0,0
5284,0,0
10596,1,1
6504,0,0
11571,1,1
12548,1,1
15103,1,1
15694,1,1
12577,1,1
8425,1,1
1163,0,0
425,0,0
16156,1,1
3316,0,0
2174,0,0
11419,1,1
15117,1,1
6086,0,0
2319,0,0
1302,0,1
12826,1,1
7636,0,0
10970,1,1
4342,0,0
3021,0,0
2988,0,0
13488,1,1
3755,0,0
7320,0,0
5824,0,0
11285,1,1
10735,1,1
16013,1,1
16293,1,1
8593,1,1
6551,0,0
5768,0,0
1522,0,0
14646,1,1
6977,0,0
9711,1,1
14480,1,1
4965,0,0
12408,1,1
5985,0,0
6790,0,0
5834,0,0
10084,1,1
12170,1,1
16352,1,1
7844,0,0
13655,1,1
9974,1,1
7363,0,0
2380,0,0
12435,1,1
10036,1,1
13227,1,0
8748,1,1
2820,0,0
7205,0,0
15406,1,1
4450,0,0
3290,0,0
977,0,0
13784,1,1
7592,0,0
5327,0,1
5916,0,0
16301,1,1
1984,0,1
9846,1,1
3248,0,1
339,0,0
7068,0,0
14740,1,1
8814,1,1
14451,1,1
563,0,1
5474,0,1
4448,0,0
3479,0,0
3571,0,0
1123,0,0
7565,0,0
4315,0,0
5729,0,0
8127,0,0
1035,0,0
13811,1,1
2680,0,0
14554,1,1
16067,1,1
3578,0,0
9594,1,1
3441,0,1
3282,0,0
9240,1,1
8063,0,0
6323,0,0
2439,0,0
2919,0,0
8496,1,1
8696,1,1
1402,0,1
14456,1,1
7903,0,0
2927,0,0
9029,1,1
9314,1,1
14547,1,1
10475,1,1
4441,0,0
11317,1,1
12413,1,1
1632,0,0
13514,1,1
409,0,0
856,0,0
9210,1,1
13415,1,1
8285,1,1
4721,0,0
9758,1,1
3154,0,0
4105,0,0
2614,0,0
9824,1,1
11999,1,1
11809,1,1
12417,1,1
7802,0,0
8184,0,0
47,0,0
7822,0,0
12783,1,1
8741,1,1
13094,1,1
12843,1,0
177,0,0
3886,0,0
13636,1,1
9453,1,1
3429,0,0
15773,1,1
411,0,0
10556,1,0
15783,1,1
735,0,0
12371,1,1
6586,0,0
4147,0,0
14503,1,1
3837,0,0
5337,0,0
10774,1,1
346,0,0
6618,0,1
12691,1,1
6325,0,0
13712,1,1
10905,1,1
7689,0,0
8256,1,1
657,0,0
14887,1,1
624,0,0
1547,0,0
13842,1,1
12028,1,1
12738,1,1
8178,0,0
10119,1,1
9195,1,1
8902,1,1
4032,0,1
13242,1,1
15195,1,1
280,0,1
1713,0,0
9906,1,1
5651,0,0
13851,1,1
15203,1,1
15159,1,1
8309,1,1
8483,1,0
15505,1,1
9252,1,1
15797,1,1
13789,1,1
8126,0,0
16204,1,1
13190,1,1
6684,0,0
15796,1,0
3647,0,0
4918,0,0
14466,1,1
14664,1,1
4802,0,0
11160,1,1
12292,1,0
10466,1,1
14200,1,1
4367,0,0
12981,1,1
4111,0,0
2145,0,1
14028,1,1
15186,1,1
7839,0,0
8242,1,1
5838,0,0
10122,1,1
13461,1,1
11357,1,1
15187,1,1
15497,1,1
729,0,0
8375,1,1
10436,1,0
15426,1,1
15424,1,0
14601,1,1
3283,0,0
2034,0,0
10074,1,1
10974,1,1
6695,0,0
2937,0,0
6978,0,0
14378,1,1
10456,1,1
5148,0,0
6814,0,0
11893,1,1
15219,1,1
3421,0,0
3204,0,0
11136,1,0
6192,0,0
3090,0,1
10742,1,1
3996,0,0
11177,1,1
3668,0,0
1039,0,0
5786,0,0
5549,0,1
5778,0,0
7305,0,0
5504,0,1
14518,1,1
511,0,0
11982,1,1
15060,1,1
16114,1,0
3461,0,0
12580,1,1
11902,1,0
7307,0,0
6608,0,0
9115,1,1
1210,0,0
4256,0,1
4347,0,0
3634,0,0
2455,0,0
2769,0,0
9639,1,1
10691,1,1
6264,0,0
1213,0,0
4073,0,0
9149,1,1
1310,0,0
14408,1,1
1393,0,0
1805,0,0
13382,1,1
3315,0,0
13007,1,0
8079,0,0
15239,1,1
8576,1,1
1006,0,0
379,0,0
3014,0,0
3833,0,0
937,0,0
6000,0,0
11868,1,1
2150,0,0
12856,1,1
15243,1,1
3372,0,0
12293,1,1
542,0,0
6946,0,0
2301,0,0
1071,0,1
2124,0,0
4410,0,1
9605,1,1
5358,0,0
10228,1,0
5910,0,0
293,0,0
473,0,0
4129,0,1
4840,0,1
9597,1,1
16189,1,0
11635,1,1
13762,1,1
2458,0,0
4536,0,0
2638,0,0
4336,0,1
7223,0,0
1617,0,0
11726,1,1
9466,1,1
7021,0,0
6215,0,0
9796,1,1
12589,1,1
2270,0,1
914,0,0
11118,1,1
5557,0,0
14537,1,1
13504,1,1
4993,0,0
4625,0,0
2683,0,1
10608,1,1
3946,0,0
14787,1,1
8248,1,1
420,0,0
11682,1,1
13540,1,1
8664,1,1
9954,1,1
5250,0,0
14467,1,1
9367,1,1
9420,1,1
8187,0,0
15823,1,1
13335,1,1
12081,1,1
9967,1,1
4672,0,1
5903,0,0
84,0,0
15207,1,1
15464,1,1
10260,1,1
4959,0,0
9487,1,1
15771,1,1
9845,1,1
8444,1,1
6853,0,0
11812,1,1
6880,0,0
8420,1,1
176,0,0
6435,0,1
3577,0,0
10443,1,0
1086,0,0
7476,0,0
1005,0,0
3120,0,0
3024,0,0
14610,1,1
11354,1,1
1624,0,0
1944,0,0
13652,1,1
8583,1,1
13163,1,1
11176,1,1
2616,0,0
4985,0,0
3011,0,1
9893,1,1
10236,1,0
10065,1,1
13355,1,1
1570,0,1
50,0,0
4220,0,0
3692,0,0
11438,1,1
8525,1,1
11198,1,1
903,0,0
8542,1,1
5928,0,0
4121,0,0
434,0,0
3784,0,0
14463,1,1
10711,1,1
431,0,0
15846,1,1
10566,1,0
2518,0,0
1767,0,0
6850,0,0
7719,0,0
13435,1,1
15098,1,1
16074,1,1
3601,0,0
14670,1,1
3592,0,0
16185,1,1
1921,0,0
11236,1,1
13144,1,1
14865,1,0
1411,0,0
2726,0,0
4772,0,1
11263,1,1
15525,1,1
16167,1,0
932,0,1
9344,1,1
5163,0,0
5981,0,0
14371,1,1
8343,1,1
2069,0,0
7779,0,0
11541,1,1
2360,0,0
5678,0,0
11044,1,1
15937,1,1
8507,1,1
11702,1,1
4245,0,0
5652,0,0
353,0,0
4215,0,0
11243,1,1
8471,1,1
7534,0,0
6101,0,0
13626,1,1
2254,0,0
9224,1,1
13857,1,1
2704,0,0
7506,0,0
12376,1,1
1534,0,0
9034,1,1
14746,1,1
7271,0,0
1288,0,0
15982,1,1
2088,0,0
6335,0,0
9894,1,1
4398,0,0
930,0,0
4716,0,0
3545,0,0
5610,0,0
7887,0,0
8114,0,0
13442,1,1
7581,0,0
12927,1,0
2039,0,0
11066,1,1
6775,0,1
10731,1,1
14886,1,1
4230,0,0
6013,0,0
8452,1,1
6740,0,0
11937,1,1
8972,1,1
3559,0,0
9156,1,1
3341,0,1
8772,1,1
12723,1,1
14656,1,1
2087,0,0
13141,1,1
7073,0,1
5553,0,0
4045,0,1
10525,1,0
8198,0,1
10162,1,1
16032,1,0
6143,0,0
1418,0,0
10897,1,1
168,0,0
6037,0,0
16251,1,0
1011,0,0
8903,1,0
10163,1,1
6290,0,0
14119,1,1
11576,1,1
1236,0,0
10588,1,1
13812,1,1
15980,1,1
12872,1,1
8054,0,0
15860,1,1
12335,1,1
13499,1,1
7514,0,1
11831,1,1
3689,0,0
6584,0,0
8104,0,0
13421,1,1
3492,0,1
14019,1,1
13402,1,1
14345,1,1
13135,1,1
1962,0,0
8424,1,1
15129,1,1
13384,1,1
14198,1,1
3752,0,0
2546,0,0
12527,1,0
2554,0,0
11841,1,1
1061,0,0
7634,0,0
14563,1,1
487,0,1
2935,0,0
10663,1,1
7405,0,0
15425,1,1
2813,0,0
6428,0,0
8206,1,0
9742,1,0
3043,0,0
13060,1,0
15822,1,0
5516,0,0
1768,0,0
4202,0,0
1078,0,0
10090,1,1
10884,1,1
12954,1,1
6067,0,0
286,0,0
13709,1,1
1989,0,0
4442,0,0
11647,1,1
10274,1,1
1493,0,1
9923,1,1
11210,1,1
3087,0,0
7744,0,0
6954,0,1
16387,1,1
2884,0,1
15227,1,1
7460,0,0
12876,1,1
3589,0,1
12655,1,1
3656,0,0
9159,1,1
9785,1,1
6220,0,0
11600,1,1
8260,1,1
11389,1,0
12531,1,1
12786,1,1
9863,1,1
14850,1,1
4914,0,0
4708,0,0
12938,1,1
1575,0,0
4265,0,0
11771,1,1
8934,1,1
14873,1,0
6021,0,0
8297,1,0
14581,1,1
10009,1,1
8779,1,1
10190,1,1
12561,1,1
10629,1,1
1453,0,0
10455,1,1
11735,1,1
9912,1,1
2357,0,0
11449,1,1
1807,0,0
7682,0,0
8,0,0
491,0,0
6521,0,0
10476,1,1
8318,1,1
5312,0,0
3860,0,0
11347,1,1
1983,0,0
7749,0,0
9842,1,0
12247,1,0
5434,0,0
5787,0,0
11934,1,1
16353,1,1
4401,0,0
2236,0,0
3063,0,0
1270,0,0
8217,1,1
12486,1,0
1022,0,0
5711,0,1
12776,1,1
7391,0,0
10802,1,1
8009,0,0
4010,0,0
4819,0,0
13359,1,0
15503,1,1
5361,0,0
2127,0,0
836,0,0
8366,1,1
3323,0,0
7748,0,0
15516,1,1
5858,0,0
3169,0,0
7372,0,1
5936,0,1
5224,0,1
7173,0,0
2002,0,0
8935,1,1
13938,1,1
1328,0,0
4058,0,0
15470,1,1
12433,1,1
15936,1,1
3288,0,0
6415,0,1
11900,1,1
850,0,0
8051,0,1
15661,1,1
15569,1,1
2095,0,0
3971,0,1
2699,0,1
2629,0,0
10639,1,1
7159,0,0
13189,1,1
6109,0,0
13929,1,1
14239,1,1
2420,0,1
15778,1,1
10949,1,1
9490,1,1
2467,0,0
10272,1,1
2315,0,0
6876,0,0
3474,0,0
10041,1,1
13276,1,1
10264,1,1
758,0,0
5215,0,0
11358,1,1
14290,1,1
1323,0,0
5589,0,0
12019,1,1
895,0,1
1320,0,0
5129,0,0
9972,1,1
1225,0,0
6735,0,1
15574,1,1
15510,1,1
9284,1,1
8678,1,1
5527,0,0
15637,1,1
13088,1,1
7219,0,1
4254,0,0
8304,1,0
11759,1,1
12724,1,1
3613,0,0
764,0,0
11162,1,1
2929,0,0
5098,0,0
8953,1,1
7627,0,0
8085,0,0
9585,1,1
2448,0,0
10468,1,1
4702,0,0
6157,0,0
11110,1,1
7775,0,0
13830,1,0
9464,1,1
4832,0,1
12095,1,1
12766,1,1
11086,1,1
5964,0,0
14470,1,1
4459,0,0
3635,0,0
2054,0,0
13624,1,1
13619,1,1
3184,0,0
5605,0,0
9810,1,0
8672,1,1
7709,0,1
3678,0,0
11729,1,1
1650,0,0
1326,0,0
2656,0,0
1748,0,0
1459,0,0
3938,0,0
9294,1,1
3106,0,0
5306,0,0
10543,1,1
4304,0,0
9774,1,1
3070,0,0
8606,1,1
7482,0,1
7811,0,0
15644,1,1
13217,1,1
14917,1,1
4602,0,0
14457,1,0
10784,1,1
5460,0,1
3105,0,0
9247,1,1
6831,0,0
14654,1,1
4705,0,0
5081,0,0
8101,0,0
9025,1,1
3187,0,0
10957,1,1
11633,1,1
2816,0,0
15924,1,1
8395,1,1
2085,0,0
6973,0,0
14940,1,1
12184,1,1
46,0,0
11619,1,0
16333,1,1
13207,1,1
373,0,0
10714,1,1
8893,1,0
2238,0,1
15162,1,1
2977,0,1
3411,0,0
14981,1,1
3314,0,0
14150,1,1
13291,1,1
11991,1,1
7578,0,0
16121,1,0
12787,1,1
4189,0,0
16035,1,1
1714,0,0
13841,1,1
16300,1,1
13539,1,1
15213,1,1
6706,0,0
4553,0,0
7220,0,0
7765,0,0
2584,0,0
11131,1,1
7113,0,0
9228,1,1
10942,1,1
1489,0,0
6557,0,0
8280,1,1
200,0,0
11374,1,1
2323,0,0
10064,1,1
7917,0,0
4978,0,0
468,0,0
27,0,0
15961,1,1
11574,1,0
13717,1,1
15492,1,0
14227,1,1
10598,1,1
13173,1,1
5459,0,1
13427,1,1
15905,1,1
3694,0,0
11286,1,1
4874,0,1
4097,0,0
16249,1,1
13937,1,1
10439,1,1
10790,1,1
16408,1,1
2298,0,0
16260,1,1
4509,0,0
13004,1,1
15500,1,1
15779,1,1
8146,0,0
439,0,0
13622,1,1
11193,1,1
12612,1,0
925,0,0
3865,0,0
259,0,0
10280,1,1
16400,1,0
8165,0,1
1398,0,0
10792,1,1
15109,1,1
10368,1,1
1606,0,0
4463,0,0
4153,0,1
14138,1,0
16072,1,1
14055,1,1
10986,1,1
12687,1,1
2485,0,0
2404,0,0
750,0,0
11025,1,1
4081,0,0
9052,1,1
14431,1,1
15173,1,1
12425,1,1
13820,1,1
5076,0,0
2906,0,0
5194,0,0
927,0,0
7792,0,0
2348,0,0
9502,1,1
4169,0,0
6757,0,0
14950,1,1
4156,0,0
6808,0,0
10898,1,0
4447,0,1
5034,0,0
3143,0,0
14545,1,1
9643,1,1
7608,0,0
16366,1,1
9709,1,1
14884,1,1
1698,0,0
9234,1,0
15616,1,1
14104,1,1
9629,1,1
14525,1,1
12845,1,0
12124,1,1
2928,0,0
11031,1,1
4012,0,0
13262,1,0
1121,0,1
7356,0,0
12104,1,1
13700,1,1
12195,1,1
10671,1,0
7474,0,0
1520,0,0
11966,1,1
5508,0,0
11326,1,1
9071,1,1
14970,1,1
3616,0,0
7637,0,0
5853,0,0
9225,1,1
5371,0,0
9305,1,1
1836,0,0
10740,1,1
6433,0,0
11525,1,1
13401,1,1
273,0,1
3213,0,0
13345,1,1
4743,0,1
14559,1,0
14053,1,1
12233,1,0
8607,1,1
3950,0,0
1047,0,0
5836,0,0
13269,1,1
15922,1,1
4417,0,0
257,0,0
12181,1,1
2954,0,0
14963,1,1
794,0,0
1697,0,1
13552,1,1
6395,0,0
12581,1,1
14421,1,1
10110,1,1
7231,0,0
11330,1,1
12438,1,1
7772,0,0
2246,0,0
12678,1,1
4519,0,1
10141,1,1
6245,0,0
14024,1,1
4919,0,1
13686,1,1
14328,1,1
9682,1,1
10196,1,1
15316,1,1
8370,1,1
6482,0,0
16183,1,1
2788,0,0
5733,0,0
8823,1,1
11984,1,1
14412,1,1
13478,1,1
6201,0,0
4122,0,0
15859,1,1
2900,0,0
12964,1,1
7346,0,1
11825,1,1
9606,1,1
2084,0,0
10315,1,1
5598,0,0
7267,0,0
9340,1,1
4962,0,0
4746,0,1
14801,1,1
9213,1,1
10113,1,1
3214,0,0
10777,1,1
5140,0,0
12267,1,1
15252,1,0
3733,0,0
13751,1,1
1722,0,0
554,0,0
16356,1,1
14923,1,1
8396,1,1
2388,0,0
7199,0,0
3615,0,0
5687,0,0
188,0,0
805,0,0
3753,0,0
16051,1,1
3245,0,0
1747,0,0
608,0,0
11250,1,1
5852,0,0
9157,1,0
10333,1,1
7884,0,1
11399,1,1
3465,0,0
13334,1,0
2501,0,1
4786,0,0
11572,1,1
12474,1,1
218,0,0
4667,0,1
14885,1,1
360,0,0
5441,0,0
2250,0,0
12881,1,1
11549,1,1
327,0,1
2771,0,0
15542,1,1
1766,0,0
3299,0,0
5642,0,0
8596,1,0
15738,1,1
3502,0,1
2718,0,0
7093,0,0
9577,1,1
5562,0,0
8372,1,1
6497,0,0
2613,0,0
15667,1,1
10151,1,1
14333,1,1
13646,1,0
3351,0,0
15600,1,1
1479,0,0
4024,0,1
4676,0,0
9272,1,1
8839,1,1
3819,0,0
10400,1,1
3344,0,0
8817,1,1
13966,1,1
16286,1,1
5828,0,1
7873,0,0
11545,1,1
14054,1,1
4170,0,0
4216,0,0
13020,1,1
8727,1,1
5028,0,0
9509,1,1
8978,1,0
15284,1,1
16240,1,0
7316,0,0
4860,0,0
13861,1,1
5180,0,0
6302,0,0
13294,1,1
8509,1,1
14806,1,1
3280,0,0
4393,0,0
12113,1,1
11509,1,0
14226,1,1
41,0,0
8847,1,1
6209,0,0
4237,0,1
14795,1,1
2126,0,0
10801,1,1
5066,0,0
3617,0,0
8097,0,0
10458,1,1
9608,1,1
6405,0,0
15040,1,1
6260,0,0
12137,1,1
10643,1,1
2300,0,0
12410,1,1
2157,0,0
4604,0,0
14836,1,1
8030,0,0
7298,0,0
14418,1,0
7947,0,0
8761,1,1
12789,1,1
3682,0,0
4829,0,0
13314,1,0
8513,1,0
13809,1,1
6501,0,0
10585,1,1
11109,1,1
14332,1,1
1254,0,0
14,0,0
15611,1,1
11527,1,1
3393,0,0
15716,1,1
8029,0,0
13644,1,1
4730,0,0
7163,0,0
316,0,0
5431,0,0
6167,0,0
12343,1,0
13858,1,1
11337,1,1
2086,0,0
14432,1,1
7136,0,0
3745,0,0
15892,1,1
12890,1,1
11288,1,1
12420,1,1
5957,0,0
5149,0,0
14348,1,1
7756,0,0
7198,0,0
2216,0,0
8540,1,0
4738,0,0
12849,1,1
11591,1,0
14584,1,1
4429,0,0
14109,1,1
6647,0,0
8314,1,1
15741,1,1
2344,0,0
15018,1,1
10441,1,1
4077,0,0
2480,0,0
10548,1,1
12090,1,1
385,0,1
5082,0,0
9613,1,1
3269,0,0
8568,1,1
2805,0,0
3903,0,0
311,0,0
7146,0,0
6188,0,0
7420,0,0
1139,0,0
10764,1,1
16135,1,0
7085,0,0
8348,1,1
14438,1,1
14987,1,0
14928,1,1
4502,0,0
13299,1,1
15196,1,1
10005,1,1
5385,0,0
9980,1,1
1053,0,0
4291,0,0
16226,1,1
8037,0,0
12391,1,0
9887,1,1
11278,1,1
15956,1,1
11270,1,1
10885,1,1
5265,0,0
1643,0,1
4043,0,0
7120,0,1
7764,0,1
10623,1,1
2830,0,0
8145,0,0
7937,0,0
8423,1,1
6076,0,0
3000,0,0
9728,1,0
3425,0,0
6745,0,0
9419,1,1
4328,0,1
4789,0,0
15868,1,1
15820,1,0
9636,1,1
568,0,0
12071,1,1
12650,1,1
31,0,0
14907,1,1
121,0,0
1611,0,0
2579,0,0
2498,0,0
11866,1,1
13530,1,1
7308,0,0
732,0,0
7695,0,0
14749,1,1
79,0,0
12167,1,1
410,0,1
7968,0,0
8246,1,1
1084,0,0
3433,0,0
6512,0,0
8250,1,1
8020,0,0
5186,0,0
6064,0,0
3570,0,0
2081,0,0
13606,1,1
157,0,0
8797,1,1
9602,1,1
15178,1,1
13279,1,1
7598,0,0
11042,1,1
2183,0,0
16245,1,0
15763,1,1
3165,0,0
15579,1,1
12535,1,0
15451,1,0
15602,1,0
7144,0,0
13404,1,1
9485,1,1
6249,0,1
16019,1,0
2874,0,0
6848,0,0
15268,1,1
12570,1,1
4469,0,0
3194,0,1
13333,1,0
1662,0,1
455,0,0
13780,1,1
6705,0,0
16026,1,1
2140,0,0
5502,0,0
2182,0,0
9812,1,1
14428,1,1
14496,1,0
7025,0,0
8985,1,1
5384,0,0
10730,1,0
15337,1,1
5357,0,0
8900,1,1
173,0,0
11342,1,1
4044,0,0
5353,0,0
15701,1,1
3776,0,0
4046,0,0
12836,1,1
399,0,0
3325,0,1
16223,1,1
749,0,0
6174,0,0
7762,0,0
5125,0,0
7139,0,0
4948,0,0
16165,1,1
4514,0,0
14157,1,1
6051,0,0
9308,1,1
5500,0,0
2791,0,0
2751,0,0
11413,1,1
5458,0,0
12387,1,0
4807,0,0
1795,0,0
8724,1,1
2807,0,0
214,0,0
8626,1,0
9601,1,1
3481,0,0
1562,0,0
3207,0,0
2589,0,0
10918,1,1
6345,0,0
16291,1,1
3827,0,0
2227,0,0
6931,0,0
14550,1,1
13586,1,1
13571,1,1
15045,1,1
7066,0,0
1869,0,0
11173,1,0
13287,1,0
14323,1,1
0,0,0
8803,1,1
6597,0,1
4768,0,0
4407,0,0
10553,1,1
1396,0,0
11874,1,0
4688,0,0
5377,0,0
7109,0,0
10263,1,0
13658,1,1
8990,1,1
4148,0,1
15765,1,1
3383,0,0
4682,0,0
3643,0,0
326,0,1
10054,1,1
11612,1,1
14498,1,1
11204,1,1
14926,1,1
12727,1,1
12008,1,0
12110,1,1
4518,0,0
16283,1,1
6334,0,0
14020,1,0
829,0,0
9694,1,1
10024,1,1
11146,1,1
10290,1,1
15188,1,1
8878,1,1
14000,1,1
8279,1,1
10887,1,0
7899,0,0
12863,1,0
5477,0,0
3482,0,0
5155,0,1
181,0,0
831,0,0
1321,0,0
15126,1,1
7612,0,0
15747,1,1
5862,0,0
16308,1,0
11828,1,0
9994,1,1
13803,1,1
5489,0,0
12844,1,1
8402,1,1
14625,1,1
8129,0,0
6885,0,0
9669,1,1
6698,0,0
11119,1,1
1598,0,0
14419,1,0
6161,0,1
1803,0,0
3646,0,0
5748,0,0
6861,0,0
3366,0,0
2676,0,0
9638,1,1
7176,0,0
5382,0,0
1732,0,0
14510,1,1
772,0,0
12480,1,1
15817,1,1
12656,1,1
9345,1,0
394,0,1
3879,0,0
15836,1,1
5339,0,0
6613,0,1
10223,1,0
16028,1,1
12695,1,1
9859,1,1
14879,1,1
10536,1,1
4794,0,0
8062,0,0
6664,0,0
7342,0,0
2057,0,0
9015,1,1
3522,0,0
15468,1,1
5412,0,0
10405,1,1
15844,1,1
12665,1,0
6760,0,0
13556,1,1
15279,1,0
12390,1,0
1433,0,0
10199,1,1
9303,1,1
7685,0,0
14709,1,1
8137,0,1
2288,0,0
4100,0,0
6874,0,0
5998,0,0
3846,0,0
12699,1,1
1026,0,0
3739,0,0
8364,1,1
275,0,1
12085,1,1
12217,1,1
10563,1,1
12491,1,1
3980,0,0
11484,1,1
1427,0,0
10107,1,1
9016,1,1
7315,0,0
11882,1,1
9781,1,1
3905,0,0
4609,0,0
13096,1,1
5157,0,0
13198,1,1
12667,1,1
7078,0,0
12386,1,1
15146,1,1
16227,1,1
7488,0,0
13326,1,1
7275,0,0
10854,1,0
2342,0,0
9481,1,1
5639,0,0
10379,1,1
2405,0,0
9479,1,1
4101,0,0
11634,1,1
3115,0,0
13439,1,1
5465,0,0
14849,1,1
12731,1,1
1911,0,0
13900,1,1
1217,0,0
14229,1,1
16058,1,1
7502,0,1
15889,1,1
5100,0,1
12558,1,1
4003,0,0
9761,1,1
16092,1,1
9253,1,1
1740,0,0
1957,0,0
9883,1,1
457,0,1
8565,1,1
12832,1,1
7439,0,0
6857,0,0
4400,0,1
63,0,0
4337,0,0
11408,1,1
8720,1,1
2798,0,0
15901,1,1
5035,0,0
15377,1,1
2020,0,0
12444,1,1
3651,0,0
2882,0,0
1454,0,0
5099,0,1
8695,1,1
7508,0,1
7332,0,0
9406,1,0
61,0,0
12970,1,1
14794,1,1
3991,0,0
5566,0,0
14677,1,0
7733,0,0
15799,1,1
3079,0,0
4679,0,1
11614,1,1
633,0,1
1923,0,0
11711,1,1
15702,1,1
9244,1,1
14014,1,1
15789,1,1
10652,1,1
12906,1,1
2425,0,0
14143,1,1
6779,0,0
16280,1,1
16351,1,1
13398,1,0
14609,1,1
13574,1,1
407,0,0
16190,1,1
7889,0,0
15969,1,1
1623,0,0
12489,1,1
10146,1,1
7103,0,1
170,0,0
15753,1,1
7740,0,0
7276,0,1
9459,1,1
7020,0,1
8794,1,1
15433,1,1
1385,0,0
15581,1,1
11406,1,0
683,0,0
10003,1,1
5461,0,0
10710,1,1
10337,1,0
7969,0,0
11180,1,1
5905,0,0
2471,0,0
3222,0,0
800,0,0
12009,1,1
747,0,0
13777,1,1
4128,0,0
2206,0,0
9982,1,1
590,0,0
313,0,0
10095,1,0
13668,1,1
1491,0,1
2684,0,1
14029,1,1
13567,1,1
11961,1,1
5133,0,1
962,0,0
7249,0,1
12213,1,1
10325,1,1
12004,1,1
7142,0,0
11914,1,1
15138,1,1
16139,1,1
7383,0,0
4843,0,0
6112,0,0
11499,1,1
6572,0,0
2351,0,1
12639,1,0
11719,1,1
7919,0,0
13432,1,1
6562,0,0
586,0,1
4246,0,1
7317,0,0
16149,1,1
15482,1,0
9814,1,1
15714,1,1
3256,0,0
16332,1,1
13690,1,1
16068,1,1
12618,1,1
11980,1,1
9319,1,1
13496,1,1
2996,0,0
6778,0,1
6392,0,0
5426,0,0
6607,0,0
5830,0,0
9717,1,1
10763,1,1
3608,0,1
2512,0,0
993,0,0
14743,1,1
5958,0,0
9321,1,1
1744,0,0
4191,0,0
7417,0,1
16082,1,1
811,0,0
2856,0,0
10952,1,1
9564,1,1
12930,1,1
15597,1,1
13778,1,1
15748,1,1
4168,0,0
12542,1,1
8855,1,1
9386,1,1
5815,0,0
6741,0,0
15211,1,1
11368,1,1
6248,0,0
10712,1,1
3804,0,0
9494,1,0
15572,1,1
14954,1,1
9292,1,1
3728,0,0
2558,0,0
13682,1,1
10769,1,1
1844,0,0
3268,0,0
6253,0,1
7075,0,0
5216,0,0
4506,0,0
16317,1,1
14628,1,1
7181,0,0
9293,1,1
6259,0,1
10104,1,1
9285,1,1
377,0,0
11432,1,1
2312,0,0
14403,1,1
14158,1,1
1743,0,0
12025,1,1
13298,1,1
13693,1,1
12013,1,1
15976,1,0
12162,1,0
6703,0,0
3919,0,0
10871,1,1
14665,1,1
7838,0,1
9407,1,1
12069,1,1
3289,0,0
8140,0,0
1347,0,0
3877,0,0
960,0,0
10477,1,1
15698,1,1
11950,1,1
12812,1,1
11346,1,1
2078,0,0
11535,1,1
14786,1,1
6948,0,0
8239,1,1
1114,0,0
6133,0,1
3997,0,0
9452,1,1
15780,1,1
4375,0,0
2701,0,0
2201,0,0
3652,0,0
1579,0,0
14331,1,1
13650,1,1
13205,1,1
5931,0,0
13604,1,0
7416,0,1
6180,0,0
9173,1,1
12885,1,1
12063,1,0
6189,0,0
3098,0,0
12998,1,1
11400,1,1
15588,1,1
13701,1,1
970,0,0
14779,1,1
388,0,0
1953,0,0
5803,0,0
6108,0,0
5196,0,0
10338,1,1
315,0,0
15592,1,1
4791,0,0
413,0,0
5094,0,0
6208,0,1
13995,1,1
14844,1,1
9282,1,0
3995,0,0
7603,0,0
605,0,0
2858,0,0
7589,0,0
5038,0,0
10786,1,1
3532,0,0
8768,1,1
5701,0,0
2998,0,0
309,0,0
1368,0,1
2948,0,1
1253,0,1
9378,1,1
10522,1,1
9532,1,1
12437,1,1
10042,1,1
2517,0,0
15321,1,1
7978,0,0
2128,0,0
6569,0,0
13522,1,1
10212,1,1
2473,0,1
6733,0,0
11648,1,1
1111,0,0
3035,0,0
12780,1,1
637,0,0
248,0,0
2406,0,0
2894,0,0
3941,0,1
6903,0,0
696,0,0
15993,1,1
4990,0,0
14591,1,1
5814,0,0
6753,0,0
2957,0,0
6211,0,0
7233,0,1
1516,0,0
2826,0,0
4313,0,0
70,0,0
5226,0,1
7441,0,0
1178,0,1
12222,1,1
10762,1,1
12948,1,1
1891,0,1
8621,1,1
12933,1,0
10977,1,1
7030,0,0
13520,1,1
8868,1,1
2974,0,1
12171,1,1
12449,1,1
2089,0,0
167,0,0
4643,0,0
8526,1,1
14391,1,1
16369,1,0
7442,0,0
4936,0,0
1083,0,1
11161,1,1
8765,1,1
14533,1,1
5860,0,0
4649,0,0
15107,1,1
4513,0,0
3857,0,0
15170,1,1
15756,1,1
4104,0,0
14192,1,1
10416,1,1
5608,0,0
9566,1,1
367,0,0
9910,1,1
8149,0,0
8710,1,1
7499,0,0
1152,0,1
11734,1,1
11526,1,1
11491,1,1
16323,1,1
217,0,0
4881,0,0
503,0,0
4974,0,0
10968,1,1
12097,1,1
2012,0,0
9546,1,1
12841,1,1
5165,0,0
9960,1,1
8374,1,1
8602,1,1
9482,1,1
900,0,0
6927,0,0
184,0,1
9530,1,1
10312,1,0
8974,1,1
9995,1,1
10771,1,1
14076,1,0
4193,0,0
16106,1,1
11427,1,1
9403,1,1
592,0,0
5484,0,0
5496,0,0
15608,1,1
16258,1,1
15315,1,0
8035,0,0
14734,1,1
538,0,1
8018,0,0
9826,1,1
4475,0,0
4127,0,1
8756,1,1
11050,1,1
14517,1,1
9731,1,1
11603,1,0
15782,1,1
3910,0,0
8486,1,1
3706,0,1
13505,1,1
8620,1,1
12443,1,1
2310,0,1
4461,0,0
15155,1,0
15381,1,1
7047,0,0
11510,1,0
15348,1,1
11728,1,1
4294,0,0
5707,0,0
4950,0,0
7487,0,0
483,0,0
971,0,0
4329,0,0
11753,1,1
14649,1,1
12604,1,1
2861,0,0
8116,0,0
8282,1,1
15112,1,1
5483,0,0
465,0,0
5770,0,0
6798,0,0
10946,1,1
8773,1,0
113,0,0
10428,1,1
2615,0,0
3887,0,0
1027,0,0
15460,1,1
35,0,1
8511,1,1
4981,0,0
6762,0,0
4894,0,0
2531,0,0
9387,1,1
9756,1,1
2019,0,1
3902,0,0
3445,0,1
868,0,1
9239,1,1
15,0,0
10675,1,1
4836,0,0
15191,1,1
4850,0,0
6074,0,0
9522,1,1
13292,1,1
6321,0,0
3703,0,0
13870,1,1
13285,1,1
4004,0,0
15333,1,1
15737,1,1
4093,0,0
14869,1,1
5900,0,1
10956,1,1
15237,1,1
10761,1,1
7691,0,0
4149,0,0
12290,1,1
3710,0,0
5032,0,0
2478,0,1
3909,0,0
13543,1,1
11542,1,1
1851,0,0
4115,0,1
10895,1,1
13947,1,1
3128,0,0
2452,0,1
16306,1,1
11355,1,1
15885,1,1
13340,1,1
6011,0,0
9936,1,1
6070,0,0
12078,1,1
9070,1,1
8581,1,1
13878,1,1
6535,0,0
5168,0,0
7061,0,0
2519,0,0
8552,1,1
8639,1,1
13835,1,0
83,0,0
4685,0,0
408,0,0
5556,0,0
3781,0,0
3210,0,0
2058,0,0
6271,0,1
16105,1,1
1002,0,0
4333,0,0
2764,0,0
6867,0,0
3233,0,1
8492,1,1
10891,1,1
5888,0,0
4816,0,0
16284,1,1
4040,0,1
2215,0,1
7750,0,1
12392,1,1
7582,0,0
535,0,0
11833,1,1
1482,0,0
9952,1,0
6425,0,0
8406,1,1
2444,0,0
1952,0,0
2536,0,0
2968,0,0
5659,0,1
4201,0,0
1483,0,0
10360,1,0
7540,0,0
4404,0,0
11266,1,1
3948,0,0
4715,0,0
15902,1,1
10114,1,1
3501,0,1
9073,1,1
3355,0,0
9148,1,1
12888,1,1
1858,0,0
2483,0,0
10856,1,1
247,0,0
5403,0,0
8046,0,0
13118,1,1
8866,1,1
12465,1,1
8495,1,0
2559,0,0
13201,1,0
7180,0,0
15057,1,1
12928,1,1
9542,1,1
2167,0,0
13865,1,0
10407,1,1
13909,1,1
14803,1,1
4848,0,0
8454,1,1
13005,1,1
872,0,0
11988,1,1
1608,0,0
13633,1,1
2562,0,0
5290,0,0
135,0,0
12508,1,1
16215,1,1
14142,1,1
4455,0,0
7990,0,1
1043,0,0
6700,0,0
13817,1,1
3386,0,0
1085,0,0
6050,0,0
7981,0,0
8889,1,1
7900,0,0
9531,1,1
5635,0,0
2112,0,0
1351,0,1
7224,0,0
15019,1,1
12158,1,1
866,0,0
8121,0,0
11507,1,1
274,0,0
2449,0,0
16170,1,1
9246,1,1
6536,0,1
1147,0,0
3800,0,0
4436,0,0
15949,1,1
3679,0,0
8249,1,1
11074,1,1
4560,0,0
12528,1,1
553,0,0
4343,0,1
3369,0,0
15435,1,1
1904,0,0
833,0,0
14375,1,1
13137,1,1
13961,1,1
13123,1,0
3469,0,0
898,0,0
9380,1,1
1175,0,0
10319,1,1
13699,1,1
15690,1,1
8387,1,1
15318,1,1
6346,0,0
6156,0,0
13029,1,1
4872,0,0
8689,1,1
4724,0,0
15830,1,0
13675,1,1
9236,1,0
9855,1,1
2459,0,0
1197,0,0
2697,0,0
7040,0,0
429,0,0
4089,0,0
12107,1,1
13615,1,1
10622,1,1
4977,0,0
14717,1,0
8757,1,1
11949,1,1
9592,1,1
13315,1,1
11058,1,1
11598,1,1
11974,1,1
1964,0,0
7809,0,0
11651,1,1
4391,0,0
13047,1,0
6384,0,0
13640,1,1
8809,1,1
299,0,0
2109,0,0
7255,0,0
11624,1,1
10657,1,1
4991,0,0
8076,0,0
5863,0,0
2662,0,0
4467,0,0
2481,0,1
14814,1,1
15076,1,0
16220,1,1
12239,1,1
2628,0,0
12176,1,1
5572,0,0
13183,1,1
5804,0,0
12203,1,1
12077,1,1
15926,1,1
1190,0,0
14855,1,1
7803,0,0
6829,0,0
119,0,0
11283,1,1
2499,0,0
8660,1,1
7168,0,0
8994,1,1
1723,0,1
12704,1,0
7924,0,0
9364,1,0
14600,1,1
10718,1,0
9329,1,0
8628,1,1
13594,1,0
7894,0,0
12929,1,1
10979,1,1
5688,0,0
5674,0,0
13293,1,1
8459,1,1
3780,0,0
376,0,0
10200,1,1
15699,1,0
704,0,0
2417,0,0
2655,0,0
8604,1,1
5297,0,0
5790,0,1
7621,0,0
13787,1,1
13999,1,1
9063,1,1
4464,0,1
11655,1,1
15292,1,1
16370,1,1
1450,0,0
4828,0,0
13582,1,1
1498,0,0
208,0,0
2337,0,0
6545,0,0
10648,1,1
6791,0,0
11679,1,1
7303,0,0
13681,1,1
6679,0,0
7624,0,0
16321,1,1
9558,1,1
13464,1,1
8700,1,1
3031,0,0
10810,1,1
1934,0,0
8677,1,1
1634,0,0
5292,0,1
5662,0,1
1430,0,0
6075,0,0
3484,0,0
4031,0,0
4754,0,0
11353,1,1
13119,1,0
8391,1,1
3657,0,0
753,0,0
3322,0,0
9385,1,1
9604,1,1
3205,0,0
33,0,0
12514,1,1
14251,1,1
13756,1,0
5847,0,1
12502,1,1
13791,1,0
11422,1,1
5532,0,0
15311,1,1
6149,0,0
1297,0,0
9270,1,1
6025,0,0
2973,0,1
9436,1,1
12325,1,1
3859,0,0
10052,1,1
908,0,0
4338,0,0
9132,1,1
13283,1,1
15907,1,1
2796,0,0
14248,1,1
4351,0,1
7945,0,0
2578,0,1
15395,1,1
13827,1,1
3848,0,0
13625,1,1
1201,0,1
10029,1,1
6338,0,0
111,0,0
13618,1,1
15875,1,1
1701,0,0
1783,0,0
13641,1,1
8822,1,1
6556,0,0
5952,0,0
10502,1,0
978,0,0
9877,1,1
5369,0,0
11797,1,1
9575,1,0
6526,0,0
10684,1,1
12125,1,1
6389,0,0
14739,1,0
5304,0,0
7283,0,0
6750,0,0
10046,1,1
7801,0,1
10305,1,1
1408,0,0
13566,1,1
13412,1,1
12294,1,1
10171,1,1
15041,1,1
6605,0,0
7302,0,0
3016,0,0
11028,1,1
7753,0,0
2543,0,0
4800,0,0
15084,1,1
4269,0,0
12193,1,1
12216,1,1
8763,1,1
14179,1,1
1614,0,0
7600,0,1
5079,0,0
8225,1,1
3251,0,1
396,0,0
6611,0,0
4130,0,0
16237,1,1
